filename,words
2400.jpg,metre
2064.jpg,บุตรา
827.jpg,Crysler
673.jpg,ผ้าขาวม้า
149.jpg,vegetative
955.jpg,แขง
1991.jpg,เป็นอัน
1755.jpg,Exploitation
459.jpg,กรอบหน้า
2930.jpg,สะเมิง
63.jpg,FRANCIS
4.jpg,โกมล
329.jpg,เซือ
1571.jpg,Roxin
97.jpg,bicultural
1954.jpg,Preample
582.jpg,ผักบุ้งจีน
1516.jpg,STASTIC
1188.jpg,นะะะะ
1195.jpg,ไพรัช
1396.jpg,Brilliant
282.jpg,ธรรมนูญ
407.jpg,ชีวี
1110.jpg,โพลาไรเซชัน
1517.jpg,Outlook
744.jpg,ปราฐ
2224.jpg,คอร์ส
967.jpg,Falcon
1956.jpg,นิดดดด
2082.jpg,Tested
1911.jpg,ถ้อยทีถ้อยอาศัยกัน
1678.jpg,negotiate
1959.jpg,Bolshevik
115.jpg,มโลภ
1231.jpg,กระโดดร่ม
2873.jpg,cons
423.jpg,ฉื่อ
1848.jpg,APOC
94.jpg,ชาวประมง
1164.jpg,เกรอะ
1514.jpg,Businesslike
51.jpg,Werner
190.jpg,เสนีย์
696.jpg,เซียด
1194.jpg,Blunt
2805.jpg,satisfying
2872.jpg,Nihonshoki
1598.jpg,ธะ
1984.jpg,Autolysis
729.jpg,ETC
2408.jpg,ไปน์
2857.jpg,ชาวประมง
2950.jpg,Adaptability
2458.jpg,เป้า
333.jpg,ICCPR
2967.jpg,โค้
1430.jpg,เหล็ด
548.jpg,รถะ
2883.jpg,อ๊าาาาย
394.jpg,Sima
747.jpg,ผู้ม
1852.jpg,cloaca
920.jpg,จะร์จ
1327.jpg,มนุชญ์
555.jpg,Ranis
624.jpg,คร้าย
1281.jpg,เพ่อน
463.jpg,เพือน
1159.jpg,Tested
2723.jpg,Multicomponent
1245.jpg,Sutra
2075.jpg,ฤล
881.jpg,สคัล
593.jpg,กึม
2437.jpg,ลวรรค
779.jpg,Cid
938.jpg,ฟูมฟัก
2110.jpg,ภมูธ
151.jpg,a7
1694.jpg,สเปส
2793.jpg,ขวล
372.jpg,Inhalation
2701.jpg,เอริก
2617.jpg,สเปส
545.jpg,หัวเราะ
78.jpg,ELEMENT
1534.jpg,Hederson
1842.jpg,ลัด
2521.jpg,MINIATURE
2222.jpg,montenapoleone
2309.jpg,tissue
2275.jpg,ล้วง
2154.jpg,ไหล้
1845.jpg,P.S.
1778.jpg,ไครคอยด์
1619.jpg,อ้ำ
2432.jpg,ส่วนหน้า
2179.jpg,จิ๋ม
2236.jpg,เข้ารอย
2071.jpg,ฟรีย์
1655.jpg,Transmitted
2906.jpg,Ivy
339.jpg,next
1157.jpg,Bernardino
733.jpg,Transmitted
1250.jpg,สระว่ายน้ำ
135.jpg,Discus
2980.jpg,ทรังษ์
2523.jpg,Krasner
954.jpg,ขวล
1117.jpg,สสวย
1152.jpg,ฤล
607.jpg,Masao
552.jpg,บมั๊ง
114.jpg,Preample
797.jpg,K2
1191.jpg,Outputs
1806.jpg,U.S.Postal
615.jpg,MECHANICAL
917.jpg,กล้วยไม้
148.jpg,ก้านต่อดอก
1402.jpg,scalp
1297.jpg,Seiki
763.jpg,ยุก
2195.jpg,เช่นไร
2392.jpg,^-^’
2181.jpg,normal
1656.jpg,ลูกคิด
1741.jpg,Modini
59.jpg,Yh
951.jpg,sigma
1837.jpg,pubique
1247.jpg,สปน.
1922.jpg,ELEMENT
2200.jpg,ปยัด
2563.jpg,สถิติ
599.jpg,ฉพ
1983.jpg,Ivy
898.jpg,ล้มล้าง
161.jpg,เกลี่ย
13.jpg,ฟูมฟัก
1043.jpg,NITROGEN
2464.jpg,CST
2736.jpg,คลิกส์
935.jpg,Stallebaass
1091.jpg,Piinene
1939.jpg,insght
989.jpg,พุ่งพรวด
929.jpg,cloaca
19.jpg,aloe
284.jpg,TECHO
2423.jpg,ท้ายน้ำ
1555.jpg,สัด
2703.jpg,emodin
42.jpg,ปรัช
812.jpg,investigator
2897.jpg,โทล
14.jpg,วาจา
861.jpg,โล้ย
2997.jpg,Tested
1452.jpg,Mandate
2129.jpg,Rebec
80.jpg,นครโสเภณี
2822.jpg,align
1614.jpg,ช้อนหอย
2943.jpg,ยางค
2007.jpg,สะเมิง
1291.jpg,เอาอย่าง
2189.jpg,สเล็ค
1895.jpg,Bogor
1879.jpg,Kaze
181.jpg,จก
941.jpg,เศส
219.jpg,เก็งกำไร
2672.jpg,ไอโอดีน
2515.jpg,อาตม
2287.jpg,คก
1590.jpg,เดอลุกซ์
77.jpg,รอดเจอร์
985.jpg,เพรือง
2439.jpg,Outlook
1330.jpg,เหร่า
1933.jpg,deinos
2829.jpg,rhyme
2551.jpg,College
1789.jpg,ดาว์น
1419.jpg,เปรี้ยง
1332.jpg,Tim
2205.jpg,dispositional
2209.jpg,อ้าจ
2865.jpg,Goddar
2354.jpg,fauteiul
2015.jpg,หาาาาาาาาาา
118.jpg,entries
2087.jpg,เกรอะ
750.jpg,budgeting
2124.jpg,water
430.jpg,crash
899.jpg,enthusiast
610.jpg,Hederson
2977.jpg,ASC
2839.jpg,เครื่องคำนวณ
1994.jpg,Attribute
1079.jpg,แตกทัพ
1022.jpg,Blackwell
1085.jpg,warden
460.jpg,เศศ
1025.jpg,สติส
2497.jpg,organis
1135.jpg,Tristesse
1381.jpg,Sanctions
1685.jpg,ยุก
2178.jpg,ไททาเนียม
2296.jpg,Pyritic
227.jpg,ทรังษ์
455.jpg,endonuclease
635.jpg,k
2866.jpg,คืบ
422.jpg,มสล
1116.jpg,carbons
1637.jpg,อสุภ
1148.jpg,สตาส
96.jpg,insght
27.jpg,sigma
349.jpg,Giambattista
889.jpg,หน้าวัว
2048.jpg,ปลอบ
1750.jpg,ดราฟต์
821.jpg,Cecilia
2513.jpg,Mitsuhiro
564.jpg,Promenade
1473.jpg,Ranis
2517.jpg,ผ้าขาวม้า
2451.jpg,ชาด
1863.jpg,เศส
2047.jpg,เหม้อน
1236.jpg,ศาตร์
1964.jpg,แผง
2681.jpg,vaka
2341.jpg,เปรี้ยง
277.jpg,Blevins
1134.jpg,Tocqueville
399.jpg,รุสเซีย
1504.jpg,Register
2944.jpg,ลองเชิง
71.jpg,ญิ๋
270.jpg,ภมูธ
2029.jpg,Adaptability
1470.jpg,^-^’
979.jpg,participation
1970.jpg,งวย
2229.jpg,ขุน
1905.jpg,รุป
2730.jpg,Maitland
172.jpg,เหงื่อ
2072.jpg,สสิก
2126.jpg,เบลน
328.jpg,สปน.
82.jpg,ภักษ์
2069.jpg,newborn
2360.jpg,Delhi
846.jpg,นกจาก
638.jpg,ซาตาน
2477.jpg,ค้อย
501.jpg,เปรี้ยง
1987.jpg,Asia
123.jpg,Orleans
562.jpg,Azimuth
876.jpg,Kuong
2147.jpg,SCAP
2750.jpg,IPP
368.jpg,Ekonomisuto
38.jpg,Petchabun
2642.jpg,วี่ส์
1429.jpg,Assimilation
801.jpg,วี่ส์
168.jpg,สะเมิง
260.jpg,Certre
2962.jpg,ลูกหมด
720.jpg,นึ๊ง
1460.jpg,กรุ๊ก
2016.jpg,สก๊อตช์
1998.jpg,Unocal
1011.jpg,Mezzo
1888.jpg,LFC
2237.jpg,Bigger
549.jpg,มอมเหล้า
714.jpg,กแมป
949.jpg,ปัฐ
798.jpg,บ้ง
811.jpg,folkways
1482.jpg,Promenade
772.jpg,เต้นแร้งเต้นกา
886.jpg,U.S.Postal
2698.jpg,ศายตร์
1838.jpg,Bleeker
1062.jpg,ก้านต่อดอก
1828.jpg,ดำดิน
1386.jpg,tissue
922.jpg,P.S.
1556.jpg,consensus
685.jpg,กลื่น
414.jpg,Tim
2778.jpg,วาจา
2501.jpg,กร้าน
2220.jpg,วเด้นท์
2934.jpg,Gautrand
1098.jpg,ลองเชิง
451.jpg,ไทส์
2393.jpg,สจว.
1477.jpg,ATS
350.jpg,เชี่ยนหมาก
476.jpg,Betle
2581.jpg,handsome
525.jpg,แมนช
1835.jpg,ไบ๋
146.jpg,Asia
356.jpg,อดูล
699.jpg,Types
1992.jpg,a7
1988.jpg,Shambhala
2028.jpg,adaptor
2580.jpg,ช่องว่าง
234.jpg,พีล
2549.jpg,พันธุ์
1840.jpg,คำร้องขอ
1493.jpg,Hayman
1699.jpg,Cid
2567.jpg,สื่อการศึกษา
1326.jpg,Summarization
2673.jpg,ซิงเกิล
1317.jpg,เข้ารอย
1462.jpg,หัวเราะ
943.jpg,aloe
1796.jpg,Kuong
734.jpg,tartaric
2114.jpg,นโกฎ
1491.jpg,พ้วย
1927.jpg,ตัฟ
1228.jpg,rod
2442.jpg,Freedman
990.jpg,เชื่อมั่น
1262.jpg,normal
2013.jpg,ตีว
1312.jpg,Clipboard
2799.jpg,lvo
2634.jpg,เซิร์ก
2748.jpg,Romic
1995.jpg,คลาคล่ำ
1843.jpg,oversized
433.jpg,OAV
1509.jpg,Epsilon
1751.jpg,มรส
2459.jpg,McKennitt
1182.jpg,ชรุจ
206.jpg,ฉีร์
2271.jpg,ครอส
2342.jpg,อนุวงศ์
800.jpg,ป่อ
2380.jpg,wildly
2322.jpg,ลัซ
2639.jpg,Ambassadeur
2841.jpg,รอดเจอร์
1973.jpg,Defense
2422.jpg,cabildo
1529.jpg,ชาด
1629.jpg,exiger
2598.jpg,ธยาย
2899.jpg,Discus
487.jpg,Prommemoria
2460.jpg,หล้ง
656.jpg,kekkon
85.jpg,eme
1118.jpg,ว๊าย
1967.jpg,ตุ๊ถ
1257.jpg,CHARACTER
1207.jpg,เบลน
2194.jpg,อดูล
2370.jpg,Walt
516.jpg,Sonic
538.jpg,ฮอล์ล
2472.jpg,อนงค์
2196.jpg,afraid
1136.jpg,เก็งกำไร
894.jpg,Maracuja
1077.jpg,ปัทมปาณี
625.jpg,อนงค์
2641.jpg,ESCAPE
2182.jpg,FOCUS
2219.jpg,ติ๋น
1788.jpg,vinci
1276.jpg,เช่นไร
1617.jpg,Trichinella
2279.jpg,romantic
1351.jpg,Mie
2077.jpg,botulism
2390.jpg,iStockphoto
2123.jpg,แรงดึงดูด
2014.jpg,Piinene
675.jpg,Down
1802.jpg,eletrophoresis
2558.jpg,อสุภ
103.jpg,คืบ
2443.jpg,โธร
897.jpg,อัตตา
413.jpg,เอาอย่าง
559.jpg,ATS
1476.jpg,ม่านตา
845.jpg,Bhave
2852.jpg,deinos
2991.jpg,Hold
1797.jpg,กิพ
2756.jpg,pubique
1742.jpg,shop
1347.jpg,crash
1153.jpg,Hold
2684.jpg,ขาออก
569.jpg,Poisson
2368.jpg,สไวร์
848.jpg,km
1966.jpg,สวิสส์
1682.jpg,Khandesh
1104.jpg,A.E.
1082.jpg,สะเมิง
1566.jpg,BHT
2268.jpg,Jacson
2700.jpg,คุณูปการ
2418.jpg,ไนจีเรีย
230.jpg,โดล
1772.jpg,ลแดน
2952.jpg,Galerie
1703.jpg,ห้อง
2050.jpg,Eries
1329.jpg,ป๋วย
1226.jpg,ก้วย
2378.jpg,Prematurity
1394.jpg,Betle
2998.jpg,นิโคล
2089.jpg,รภัจจ์
2239.jpg,เครื่องปั้น
1507.jpg,ชั้วะ
1551.jpg,โดย
73.jpg,ซีเนต
1121.jpg,Forza
1666.jpg,Intra
2090.jpg,introduce
1794.jpg,Elmer
676.jpg,ใหม่
566.jpg,ยกครู
2383.jpg,หัวเราะ
1361.jpg,ออกงิ้ว
2732.jpg,tual
1518.jpg,Nyswander
1316.jpg,TULLIO
873.jpg,Elmer
318.jpg,5.Psychology
2396.jpg,Organization
267.jpg,Bamlumpoo
2526.jpg,Tokugawa
1904.jpg,ผกค.
345.jpg,GRID
1624.jpg,Types
871.jpg,semifixed
434.jpg,Mie
2000.jpg,Lamprigera
988.jpg,ชายธง
30.jpg,ขวล
237.jpg,botulism
1288.jpg,บรูณ์
2633.jpg,Harpoon
890.jpg,respectful
2637.jpg,Kindaichi
314.jpg,รสพ
2170.jpg,ICCPR
1345.jpg,Jacson
2340.jpg,^O^
1769.jpg,galas
119.jpg,Bolshevik
2040.jpg,ลูกหมด
1454.jpg,MooBella
2607.jpg,งิ่ง
650.jpg,dharan
1341.jpg,OM1
2505.jpg,ศาลสูง
1240.jpg,เร็ล
2484.jpg,Job
1827.jpg,Twenties
565.jpg,hypo
1187.jpg,Bamlumpoo
2148.jpg,bivalent
443.jpg,สโลท
1883.jpg,TCDD
1653.jpg,mow
2144.jpg,โดกเดก
2494.jpg,สำคัญ
1592.jpg,Yoko
755.jpg,Web
1808.jpg,trypanosomosis
2166.jpg,เซือ
302.jpg,หร็อก
2529.jpg,กลื่น
2031.jpg,Galerie
2277.jpg,Jew
880.jpg,ร.ต.อ.
456.jpg,Pyritic
2156.jpg,5.Psychology
2636.jpg,ช้านนนนนน
1161.jpg,ผู้เป็นหุ้นส่วน
1151.jpg,พีล
2496.jpg,Aligi
1385.jpg,เฟรม
2034.jpg,ดิฉัน
2307.jpg,สีย์
39.jpg,TCDD
2043.jpg,Sainson
836.jpg,Okinawa
164.jpg,เมลิซ
2596.jpg,LSAs
439.jpg,romantic
1372.jpg,เพลิว
2959.jpg,carbons
2272.jpg,recorded
384.jpg,montenapoleone
2152.jpg,รสพ
2884.jpg,recessive
2002.jpg,แถบบันทึกเสียง
519.jpg,cloaca
1764.jpg,แอ่ง
578.jpg,เหือง
1807.jpg,เพ้ง
364.jpg,ROOUGH
2820.jpg,participation
1550.jpg,Soybean
2217.jpg,Seiki
651.jpg,ทองสัมฤทธิ์
795.jpg,ฝังรอย
2664.jpg,PGD
614.jpg,หล้ง
1068.jpg,Attribute
1212.jpg,Overheating
508.jpg,มังกร
2226.jpg,Isarangkun
43.jpg,LFC
2835.jpg,ญิ๋
647.jpg,exacting
1524.jpg,ฉ้น
1569.jpg,nusumareta
57.jpg,พรีน
2795.jpg,แขง
2228.jpg,ลองดี
1588.jpg,ศาลสูง
1261.jpg,จิ๋ม
1661.jpg,handsome
2308.jpg,เฟรม
32.jpg,แขง
1004.jpg,eme
62.jpg,ซิกมันด์
186.jpg,Takejiro
1702.jpg,orbicularis
2118.jpg,กระทะ
1996.jpg,Aerated
2573.jpg,Pictures
2922.jpg,เกลี่ย
963.jpg,Diaz
194.jpg,เกียจ์
2046.jpg,โค้
554.jpg,Hero
654.jpg,organis
143.jpg,Autolysis
865.jpg,Gynecology
2041.jpg,โหมว
783.jpg,Senkaku
195.jpg,ดิฉัน
1737.jpg,ทุกหน
563.jpg,พ่ะ
401.jpg,ฮิก
2728.jpg,ธรัช
366.jpg,ปฏิมา
1538.jpg,หล้ง
1605.jpg,กาบบัว
2499.jpg,โชวย
2631.jpg,Elasticity
1548.jpg,คร้าย
815.jpg,ทุกหน
2674.jpg,Sipa
2589.jpg,สยด
2399.jpg,ATS
1648.jpg,Corruption
158.jpg,Unocal
2584.jpg,Ott
334.jpg,อมา
509.jpg,shoguns
1488.jpg,โจล
2282.jpg,ชั้น
1199.jpg,Rutnin
2193.jpg,Furusawa
658.jpg,กร้าน
1595.jpg,Mitsuhiro
1626.jpg,เด็กชา
1950.jpg,cons
2386.jpg,รถะ
2258.jpg,สีค์
1899.jpg,สุมทุม
2622.jpg,Dx
2614.jpg,stuffed
1003.jpg,Co2
2221.jpg,ปฏิปักษ์
2335.jpg,hautes
1102.jpg,contracts
307.jpg,Sttring3
2981.jpg,FoodLoft
2771.jpg,RIVERA
1686.jpg,สมอลล์
2787.jpg,RY
2871.jpg,สติส
1039.jpg,แผง
2143.jpg,จ๋าว
2758.jpg,FB
2999.jpg,ผู้เป็นหุ้นส่วน
2594.jpg,โวย
1158.jpg,โฉบ
2764.jpg,อดาม
1646.jpg,สื่อการศึกษา
1310.jpg,ขุน
1819.jpg,คลิกส์
481.jpg,ลัซ
916.jpg,ไบ๋
2553.jpg,แดทซ์
841.jpg,ลูกอม
2941.jpg,Call
498.jpg,Thus
308.jpg,rod
753.jpg,LSAs
2305.jpg,เพือน
105.jpg,ปิศาจ
1139.jpg,ตโต้
588.jpg,ชั้วะ
2024.jpg,Takejiro
252.jpg,พิพัฒ
2843.jpg,นครโสเภณี
2854.jpg,mould
2244.jpg,ฝากผี
2006.jpg,BASELITZ
1090.jpg,ตีว
2404.jpg,hypo
2888.jpg,ปดินทร์
2984.jpg,newborn
321.jpg,IRTF
470.jpg,สะพรึบ
1560.jpg,ปค
2255.jpg,C.P.I.
2708.jpg,ดาว์น
2976.jpg,ตโต้
2265.jpg,เบาตัว
739.jpg,ท่อน้ำ
622.jpg,manufacturer
1241.jpg,วงกบ
1170.jpg,หากิน
1235.jpg,ไหล้
2280.jpg,เข้าแบบ
2714.jpg,กิพ
1203.jpg,TECHO
1810.jpg,respectful
743.jpg,Intra
756.jpg,ษภูว
542.jpg,wildly
1790.jpg,Vark
1781.jpg,คุณูปการ
1816.jpg,อัตตา
1501.jpg,ผักบุ้งจีน
1286.jpg,dispositional
2767.jpg,sponsor
2483.jpg,ซาตาน
770.jpg,Shoulder
671.jpg,ธะ
1620.jpg,VICE
759.jpg,soda
1839.jpg,FB
2896.jpg,Defense
2604.jpg,รีเฟลกซ์
264.jpg,pepsin
5.jpg,cloaca
253.jpg,Kenyon
2379.jpg,ณินทร์
332.jpg,ชลจร
742.jpg,rotavirus
1832.jpg,IPP
707.jpg,clast
796.jpg,Ambassadeur
467.jpg,Sor
1370.jpg,เฉวียงบ่า
2948.jpg,A.E.
2059.jpg,mbrur
1009.jpg,ฮอตดอก
1847.jpg,จไม่
1354.jpg,Sudachi
1371.jpg,ลเลนซ์
1369.jpg,Scriptwriter
1440.jpg,dK
2907.jpg,Autolysis
1306.jpg,Isarangkun
2939.jpg,สก๊อตช์
2092.jpg,พิพัฒ
1107.jpg,เสนีย์
1650.jpg,โพธิสมภาร
381.jpg,วเด้นท์
754.jpg,หับเผย
410.jpg,Nippontei
133.jpg,โทล
2295.jpg,endonuclease
8.jpg,programmes
591.jpg,distributive
1202.jpg,Divided
2566.jpg,ลาร์ด
1120.jpg,โหมว
2212.jpg,katx
1362.jpg,ทู้ธ
16.jpg,ชุบย้อม
1133.jpg,Rr
2666.jpg,ถลิ่ม
427.jpg,fires
409.jpg,มนุชญ์
1051.jpg,caricature
2849.jpg,มะนาว
2086.jpg,วอห์น
1016.jpg,โน้มถ่วง
1824.jpg,ชุติมา
1304.jpg,คอร์ส
2932.jpg,warden
972.jpg,Scandinavian
1791.jpg,storaging
2119.jpg,Ternary
1780.jpg,เขื้อน
698.jpg,อึ้บ
2471.jpg,คร้าย
2504.jpg,เนปียร์
217.jpg,Tocqueville
2809.jpg,inadequate
2033.jpg,โพลาไรเซชัน
1867.jpg,Elements
2054.jpg,Rr
687.jpg,กสม.
1674.jpg,หับเผย
1403.jpg,Preselector
250.jpg,introduce
1942.jpg,intrapersonal
2762.jpg,ข้าย
196.jpg,โค่ว
2235.jpg,TULLIO
1510.jpg,ส่วนหน้า
1052.jpg,PQ
2946.jpg,ข้าวขาหมู
1126.jpg,เหม้อน
914.jpg,โรลส์
1814.jpg,Maracuja
2223.jpg,Libertaria
843.jpg,กระดอน
524.jpg,dK
1044.jpg,ก็ตาม
317.jpg,ศาตร์
1232.jpg,Delegation
504.jpg,เอิม
1735.jpg,เครื่องล่าง
2864.jpg,Wc
820.jpg,shop
45.jpg,inadequate
2928.jpg,อืก
2498.jpg,โห
2107.jpg,Bamlumpoo
1749.jpg,Crysler
1706.jpg,เฮี่ยง
1223.jpg,คันต
1554.jpg,streaks
2117.jpg,Rutnin
1700.jpg,lutescens
2541.jpg,เซียด
2413.jpg,พ้วย
1906.jpg,ซิกมันด์
904.jpg,มาตุภูมิ
1689.jpg,น้ำคร่ำ
2644.jpg,ผ้าสำลี
2355.jpg,Sonic
347.jpg,Stef
1130.jpg,Marble
2204.jpg,ปฏิมา
1667.jpg,ปราฐ
1143.jpg,ทรังษ์
1525.jpg,สโตรม
1149.jpg,ฟรีย์
116.jpg,นิดดดด
1564.jpg,ซาตาน
2311.jpg,ii
1817.jpg,ล้มล้าง
778.jpg,Dx
1123.jpg,ฉีร์
1720.jpg,ESCAPE
2972.jpg,Tocqueville
1216.jpg,ฟลอริดา
6.jpg,RIVERA
2165.jpg,สปน.
69.jpg,เชื่อมั่น
1642.jpg,สถิติ
1457.jpg,Prematurity
222.jpg,ตโต้
1628.jpg,พันธุ์
532.jpg,Slam
107.jpg,Sims
2904.jpg,Substandard
912.jpg,essentialism
1907.jpg,FRANCIS
2555.jpg,Andeanism
2487.jpg,พโลว์
1865.jpg,aloe
480.jpg,กลึ่ง
1384.jpg,สีย์
492.jpg,เหนียวแน่น
1495.jpg,LPGA
2828.jpg,เพรือง
2336.jpg,LAUTREC
550.jpg,ษธิก
173.jpg,Gautrand
340.jpg,ไททาเนียม
579.jpg,ปีเตอร์
2323.jpg,คูเปอร์
1113.jpg,โค่ว
268.jpg,DRAWN
1944.jpg,Goddar
1611.jpg,กสม.
2603.jpg,soda
1256.jpg,เพนท์เฮ้าส์
584.jpg,เคิร์ล
1767.jpg,Bhave
2579.jpg,humanists
1559.jpg,k
1610.jpg,Harmonious
52.jpg,เจนด์ส
1884.jpg,วัฒน์
825.jpg,Pachuca
295.jpg,make
2406.jpg,ยกครู
1169.jpg,granted
1928.jpg,Co2
398.jpg,Bigger
2167.jpg,สมศ.
1318.jpg,รุสเซีย
1364.jpg,ไตรยางศ์
2808.jpg,Falcon
1073.jpg,สลิม
2476.jpg,consensus
1115.jpg,แผ่ตน
1969.jpg,ก็ตาม
1128.jpg,Stade
1854.jpg,Keown
1414.jpg,พื้นที่
300.jpg,iPhone
2058.jpg,แพ้นท์
2283.jpg,monarchy
1097.jpg,ยางค
2175.jpg,CHARACTER
688.jpg,panses
297.jpg,ใหร่
1112.jpg,ดิฉัน
2012.jpg,เสนียด
231.jpg,ฟรีย์
1640.jpg,socket
2509.jpg,Yoko
1486.jpg,อนุจร
1868.jpg,aji
2742.jpg,ชุติมา
681.jpg,แจ๋วแหวว
1698.jpg,Meaning
1728.jpg,Bartllet
31.jpg,SATYRIASIS
2146.jpg,rod
281.jpg,Ternary
1862.jpg,ชุบย้อม
2198.jpg,Hammond
165.jpg,แตกทัพ
35.jpg,Kaze
2779.jpg,บ๊าน
1909.jpg,rhyme
2508.jpg,แด๊นซ์
1005.jpg,มะนาว
708.jpg,แดทซ์
2784.jpg,ยึดอำนาจ
1777.jpg,แตกตัว
224.jpg,สตรอ
1690.jpg,stuffed
1643.jpg,ทรอปิก
150.jpg,เป็นอัน
2032.jpg,Tasman
2145.jpg,ก้วย
1106.jpg,Adaptability
2030.jpg,เสนีย์
2449.jpg,THERAPY
2892.jpg,ก็ตาม
2385.jpg,OA
2624.jpg,lutescens
1377.jpg,videotext
24.jpg,RY
1804.jpg,Walked
2717.jpg,โฮการ์ท
89.jpg,deinos
221.jpg,mbrur
242.jpg,Tested
1710.jpg,Harpoon
2203.jpg,RSB
1198.jpg,Dickinson
2578.jpg,tartaric
1215.jpg,make
2010.jpg,Gautrand
2457.jpg,Bruegel
342.jpg,จรูญ
2490.jpg,Roxin
2344.jpg,เอิม
1349.jpg,recorded
275.jpg,ไพรัช
131.jpg,ล็อบสเตอร์
2716.jpg,Postal
205.jpg,Sainson
403.jpg,transference
1499.jpg,cabildo
1007.jpg,กำหนดการ
474.jpg,Megalang
66.jpg,Rufous
523.jpg,วี่วัน
2608.jpg,ยุก
2878.jpg,มโลภ
1633.jpg,leaf
1109.jpg,Tasman
1803.jpg,Sismondi
2680.jpg,ท่าน
2371.jpg,Slam
1691.jpg,Shoulder
521.jpg,เกรท
2136.jpg,ใหร่
1305.jpg,Diplomatic
547.jpg,OA
331.jpg,สระว่ายน้ำ
603.jpg,ฉ้น
400.jpg,เครื่องปั้น
2045.jpg,มิตต์
2745.jpg,Twenties
818.jpg,ตัย
1056.jpg,Ivy
1208.jpg,เจ็ง
2632.jpg,nonexistence
363.jpg,ปยัด
1874.jpg,ขวล
113.jpg,เบด
2621.jpg,Meaning
1258.jpg,เวด
2416.jpg,Nitrogendioxide
2876.jpg,เบด
692.jpg,Trichinella
0.jpg,อดาม
793.jpg,ช้านนนนนน
2419.jpg,คูเปอร์
2352.jpg,เหล็ด
2826.jpg,ซิกมันด์
108.jpg,สติส
2539.jpg,อ้ำ
1935.jpg,Mezzo
247.jpg,MFC
537.jpg,MooBella
1523.jpg,เตรียบ
1356.jpg,ปาสคาล
2657.jpg,Sangkaraksita
1058.jpg,ยุพ
2312.jpg,CATS
2478.jpg,เสิช
877.jpg,กิพ
2106.jpg,ทารก
2759.jpg,คำร้องขอ
862.jpg,emodin
2597.jpg,หับเผย
1243.jpg,สัมผัสสระ
1125.jpg,โค้
717.jpg,ฟต
1963.jpg,Orleans
936.jpg,แก่่
2038.jpg,สสวย
1455.jpg,ฮอล์ล
2720.jpg,eletrophoresis
2726.jpg,หน้าวัว
2231.jpg,Clipboard
431.jpg,ครอส
1894.jpg,Scandinavian
1379.jpg,หลอกหลอน
2709.jpg,semifixed
254.jpg,ลัวส์
576.jpg,LPGA
1649.jpg,Kitt
1475.jpg,watch
2576.jpg,Transmitted
1757.jpg,Assembled
2151.jpg,Delegation
2020.jpg,ยางค
2500.jpg,Transit
2734.jpg,อัตตา
209.jpg,เหม้อน
488.jpg,การลงทุน
2651.jpg,Marrakeshi
2420.jpg,เหือง
571.jpg,Octave
88.jpg,กำหนดการ
2249.jpg,มนุชญ์
1938.jpg,Selenide
36.jpg,lvo
2725.jpg,trypanosomosis
1145.jpg,FoodLoft
1577.jpg,สมัต
2947.jpg,คาดหวัง
641.jpg,ธอ
2138.jpg,ท้ำ
575.jpg,Nitrogendioxide
2250.jpg,Nippontei
2455.jpg,เจ๋ว
932.jpg,Keown
2153.jpg,ผายลม
1851.jpg,โกมล
2729.jpg,DESEMP
2837.jpg,ซีเนต
1993.jpg,importation
978.jpg,สุมทุม
679.jpg,Krasner
351.jpg,สเล็ค
2528.jpg,ด้วยยยยย
2215.jpg,สฤง
976.jpg,พอล์ก
2436.jpg,Businesslike
878.jpg,S.D.
1315.jpg,เรนโบว์
1028.jpg,ฎีกา
2251.jpg,ป๋วย
802.jpg,ผ้าสำลี
543.jpg,กรุ๊ก
1175.jpg,Herman
1406.jpg,การลงทุน
1249.jpg,สมศ.
2448.jpg,Kinght
1300.jpg,วเด้นท์
87.jpg,Rolled
536.jpg,ฟุ่น
911.jpg,Chaiwoot
2660.jpg,Modini
1296.jpg,เมศน์
1805.jpg,Multicomponent
1205.jpg,water
2441.jpg,PeugeotExpert
346.jpg,ชุมชน
479.jpg,trait
626.jpg,Soybean
887.jpg,เพ้ง
326.jpg,Sutra
1762.jpg,vaka
2162.jpg,กีฬา
2625.jpg,โมฆะ
2908.jpg,ยุพ
1716.jpg,ฝังรอย
2705.jpg,Gynecology
1040.jpg,ปดินทร์
940.jpg,ชุบย้อม
623.jpg,Gardener
2201.jpg,ROOUGH
682.jpg,Tokugawa
634.jpg,เสิช
2562.jpg,ฟต
869.jpg,Vark
879.jpg,Postal
1221.jpg,หร็อก
485.jpg,Preselector
612.jpg,เป้า
1006.jpg,Rolled
1707.jpg,Elasticity
1314.jpg,Sima
2802.jpg,TCDD
1422.jpg,เอิม
208.jpg,โค้
1549.jpg,อนงค์
1280.jpg,Hammond
1908.jpg,เพรือง
1424.jpg,Rainbowjung
1177.jpg,ยิ้น
1526.jpg,Kinght
1972.jpg,ล็อบสเตอร์
1748.jpg,Disclosure
1277.jpg,afraid
1562.jpg,คำร้อง
1724.jpg,ผ้าสำลี
2503.jpg,Balancing
1234.jpg,ผายลม
2049.jpg,Stade
1669.jpg,สยด
361.jpg,Hammond
1432.jpg,fauteiul
1089.jpg,เสนียด
199.jpg,carbons
2372.jpg,พ้องพาน
510.jpg,Strategist
1709.jpg,เผชิย
2366.jpg,นิศาชล
2803.jpg,วัฒน์
628.jpg,แทกซ์
20.jpg,ยึดอำนาจ
665.jpg,แด๊นซ์
294.jpg,หยอกเย้า
1019.jpg,Wc
95.jpg,Selenide
2094.jpg,ลัวส์
2262.jpg,มสล
18.jpg,Boxer
601.jpg,โธร
2719.jpg,สคัล
1861.jpg,บ๊าน
2245.jpg,โดล
1395.jpg,แพลงก์
26.jpg,Theraputic
1540.jpg,musk
412.jpg,เหร่า
738.jpg,handsome
411.jpg,ป๋วย
659.jpg,StoreTM
311.jpg,กระโดดร่ม
1923.jpg,นมารส์
182.jpg,ยางค
1023.jpg,ปิศาจ
1220.jpg,ปิดประตูค้า
947.jpg,aji
2321.jpg,กลึ่ง
469.jpg,CATS
693.jpg,หินอัคนี
272.jpg,colonialism
1409.jpg,คัพโภทร
1910.jpg,Rufous
2434.jpg,trill
892.jpg,DESEMP
844.jpg,ขาออก
868.jpg,ดาว์น
518.jpg,เตี่ยม
64.jpg,เพรือง
2427.jpg,Height
2364.jpg,แมนช
1049.jpg,theorie
1366.jpg,Prompakping
90.jpg,ฮอตดอก
1913.jpg,พุ่งพรวด
1435.jpg,เตี่ยม
1543.jpg,operationally
1282.jpg,ปยัด
2743.jpg,juvenile
1018.jpg,intrapersonal
179.jpg,สก๊อตช์
1456.jpg,Deities
1636.jpg,Scleropagesjardini
1289.jpg,อ้าจ
630.jpg,streaks
2677.jpg,Assembled
1478.jpg,metre
2936.jpg,เสนียด
1047.jpg,ล็อบสเตอร์
2426.jpg,Register
2362.jpg,dK
1427.jpg,Strategist
273.jpg,นโกฎ
2920.jpg,สลิม
1739.jpg,กหา
1652.jpg,Pictures
1303.jpg,Libertaria
2480.jpg,โมฮ์ด
642.jpg,พโลว์
1579.jpg,organis
417.jpg,แซร
2868.jpg,ปิศาจ
1638.jpg,กแมป
2611.jpg,ออเรนจ์
41.jpg,Diaz
2671.jpg,มรส
1603.jpg,เลซ
670.jpg,อาตม
58.jpg,align
1129.jpg,Eries
619.jpg,CST
1092.jpg,หาาาาาาาาาา
1975.jpg,theorie
1586.jpg,Balancing
1833.jpg,gabbana
2889.jpg,สวิสส์
1088.jpg,สูญพันธุ์
2780.jpg,ชุบย้อม
1376.jpg,เนตร
2898.jpg,theorie
2267.jpg,fires
2022.jpg,stakeholder
918.jpg,Bleeker
2121.jpg,Divided
2465.jpg,Semitone
1575.jpg,สำคัญ
2715.jpg,S.D.
804.jpg,Reye
606.jpg,ชาด
478.jpg,Brilliant
1.jpg,จไม่
178.jpg,หาาาาาาาาาา
1829.jpg,Chaiwoot
330.jpg,สมศ.
1900.jpg,participation
482.jpg,คูเปอร์
1124.jpg,มิตต์
299.jpg,ท้ำ
2191.jpg,Decisional
1436.jpg,cloaca
2264.jpg,Sterrilization
2155.jpg,ศาตร์
1225.jpg,โดกเดก
2915.jpg,Junuary
2612.jpg,ชีร์
1660.jpg,แวนต์
263.jpg,ซี่น
125.jpg,สวิสส์
301.jpg,ปิดประตูค้า
764.jpg,loves
1059.jpg,Sewerage
1521.jpg,Freedman
2593.jpg,budgeting
1925.jpg,designations
803.jpg,เท่น
2601.jpg,negotiate
2285.jpg,ลาดยาง
201.jpg,ว๊าย
84.jpg,Co2
1533.jpg,เจ๋ว
1185.jpg,experience
2746.jpg,ดำดิน
2951.jpg,เสนีย์
61.jpg,รุป
2343.jpg,โออาฮู
2575.jpg,ya
2753.jpg,Specific
2770.jpg,cloaca
140.jpg,Substandard
2969.jpg,Marble
2961.jpg,ว๊าย
2214.jpg,Jil
420.jpg,หิมพานต์
2177.jpg,next
432.jpg,recorded
2827.jpg,FRANCIS
2519.jpg,Down
971.jpg,ขัตติยมานะ
406.jpg,Mater
721.jpg,ลักข์
2791.jpg,สกด
244.jpg,ผู้เป็นหุ้นส่วน
2326.jpg,Preselector
286.jpg,water
574.jpg,Hayman
92.jpg,Mezzo
2502.jpg,StoreTM
1622.jpg,Parallels
1178.jpg,แซงจ์
1723.jpg,aliphatic
1050.jpg,Discus
2329.jpg,การลงทุน
2582.jpg,ท่อน้ำ
1299.jpg,ติ๋น
598.jpg,PeugeotExpert
2616.jpg,เต้นแร้งเต้นกา
1061.jpg,Shambhala
1915.jpg,Podder
2804.jpg,Diaz
2384.jpg,อลั่ง
2590.jpg,ผู้ม
856.jpg,ไครคอยด์
787.jpg,nonexistence
2011.jpg,สูญพันธุ์
102.jpg,Goddar
1980.jpg,คอซอง
975.jpg,เจนด์ส
1721.jpg,ป่อ
1841.jpg,จะร์จ
81.jpg,designations
875.jpg,Upgrade
1668.jpg,priori
1100.jpg,ข้าวขาหมู
2242.jpg,วรด
2525.jpg,แจ๋วแหวว
1184.jpg,pepsin
2095.jpg,Uses
2375.jpg,MooBella
953.jpg,นักศึกษา
2450.jpg,Feed
2917.jpg,Attribute
2924.jpg,แบ๋น
1536.jpg,เป้า
2157.jpg,union
2207.jpg,บรูณ์
2350.jpg,pKa
1255.jpg,ยิ้ว
2552.jpg,clast
40.jpg,วัฒน์
429.jpg,haut
1881.jpg,disaster
288.jpg,เบลน
223.jpg,ASC
1415.jpg,หน้าบาง
906.jpg,ฑิป
10.jpg,Stallebaass
1658.jpg,humanists
2289.jpg,Prompakping
697.jpg,Parallels
535.jpg,Mandate
1290.jpg,Inhalation
1301.jpg,เฉลบ
1076.jpg,แบ๋น
1078.jpg,เมลิซ
2104.jpg,pepsin
424.jpg,Sterrilization
2334.jpg,แทดด์
1217.jpg,ใหร่
858.jpg,ถอง
2949.jpg,adaptor
2792.jpg,นักศึกษา
1696.jpg,ber
1546.jpg,manufacturer
806.jpg,Bartllet
187.jpg,contracts
823.jpg,PGD
2848.jpg,eme
1494.jpg,Nitrogendioxide
2530.jpg,Harmonious
1437.jpg,เกรท
2240.jpg,ฮิก
945.jpg,Colosseo
1704.jpg,Senkaku
838.jpg,until
2037.jpg,carbons
1099.jpg,stakeholder
981.jpg,Yh
2407.jpg,อนุจร
2397.jpg,watch
736.jpg,ช่องว่าง
1444.jpg,นิศาชล
840.jpg,vaka
2846.jpg,ตัฟ
408.jpg,Summarization
1508.jpg,MARCO
1119.jpg,ลูกหมด
2382.jpg,ต้องตา
1389.jpg,สะพรึบ
835.jpg,Assembled
1146.jpg,อุปกรณ์
1877.jpg,GIRTIN
1480.jpg,Azimuth
2970.jpg,which
255.jpg,Uses
425.jpg,OM1
159.jpg,สลิม
1725.jpg,เท่น
1131.jpg,Mega
1431.jpg,Champagne
1937.jpg,ชาวประมง
1189.jpg,ภมูธ
2303.jpg,Sanctions
371.jpg,อ้าจ
2088.jpg,ของ
2682.jpg,ลูกอม
98.jpg,โน้มถ่วง
2302.jpg,หลอกหลอน
1869.jpg,RY
644.jpg,พลังจิต
298.jpg,มื้อ
567.jpg,อนุจร
1528.jpg,Feed
648.jpg,COMPTEL
2299.jpg,videotext
452.jpg,แฟลท
2800.jpg,disaster
75.jpg,เครื่องคำนวณ
1311.jpg,Readland
1352.jpg,ล้วง
120.jpg,อ๊าาาาย
2252.jpg,เหร่า
1350.jpg,OAV
2197.jpg,เดบาย
1580.jpg,โห
2572.jpg,โพธิสมภาร
228.jpg,relatiism
1496.jpg,ไนจีเรีย
312.jpg,Sysdrome
2789.jpg,Theraputic
597.jpg,Nyswander
2256.jpg,Trail
528.jpg,Clement
2444.jpg,เตรียบ
2957.jpg,เกลี้ยง
290.jpg,Rebec
2316.jpg,Panulilus
2297.jpg,ชอย
1949.jpg,Nihonshoki
1818.jpg,hallucination
1392.jpg,Panulilus
1541.jpg,JJW
166.jpg,อืก
2885.jpg,เฉิดฉาย
343.jpg,normal
152.jpg,Junuary
2349.jpg,shoguns
700.jpg,Castro
882.jpg,eletrophoresis
387.jpg,Isarangkun
130.jpg,เตร่ง
2983.jpg,โดล
1442.jpg,แมนช
2192.jpg,เทศาภิบาล
709.jpg,leaf
2313.jpg,สะพรึบ
1823.jpg,Bhawuk
440.jpg,ปาสคาล
983.jpg,ซิกมันด์
2376.jpg,ฮอล์ล
1176.jpg,Dr.Med.
2696.jpg,แตกตัว
768.jpg,น้ำคร่ำ
490.jpg,solvolysis
2507.jpg,เดอลุกซ์
1594.jpg,กะปะ
2785.jpg,Elements
1753.jpg,ซิงเกิล
1602.jpg,ใหม่
723.jpg,สื่อการศึกษา
2359.jpg,กฤส
2638.jpg,ฝังรอย
2645.jpg,เท่น
1253.jpg,กฤดิ
2036.jpg,แผ่ตน
572.jpg,พ้วย
2707.jpg,Joie
1654.jpg,ya
851.jpg,ลแดน
1293.jpg,ทาวน์เฮาส์
1719.jpg,บ้ง
602.jpg,ลงกลอน
1014.jpg,Selenide
2160.jpg,วงกบ
2692.jpg,ประกาศก
55.jpg,สุมทุม
436.jpg,neuropathy
1695.jpg,ผ่วน
1094.jpg,บต
2328.jpg,Prommemoria
2914.jpg,a7
306.jpg,ก้วย
2815.jpg,Werner
1154.jpg,botulism
243.jpg,นิโคล
1918.jpg,ซีเนต
1708.jpg,nonexistence
1912.jpg,ชายธง
2702.jpg,โล้ย
1368.jpg,แฟลท
819.jpg,Modini
2880.jpg,F.Skocpol
2116.jpg,Blevins
2495.jpg,dharan
1849.jpg,sponsor
142.jpg,Ivy
557.jpg,watch
177.jpg,Piinene
748.jpg,ค่ล
718.jpg,สถิติ
2304.jpg,Included
1484.jpg,Bresson
1779.jpg,ศายตร์
162.jpg,แถบบันทึกเสียง
1887.jpg,ปรัช
1463.jpg,อลั่ง
1584.jpg,กร้าน
944.jpg,ยึดอำนาจ
1545.jpg,mud
617.jpg,Warp
2009.jpg,warden
1522.jpg,โธร
2327.jpg,ดุษฎีนิพนธ์
758.jpg,Cruze
633.jpg,ค้อย
2467.jpg,คลื่อ
309.jpg,SCAP
703.jpg,เด็กชา
2583.jpg,วางแผน
621.jpg,operationally
246.jpg,เกรอะ
643.jpg,nusumareta
2527.jpg,mucleus
365.jpg,Shoes
1459.jpg,wildly
2019.jpg,จก
677.jpg,MINIATURE
1453.jpg,ฟุ่น
1662.jpg,ท่อน้ำ
2524.jpg,กาบบัว
2691.jpg,ลแดน
1325.jpg,ชีวี
7.jpg,Keown
808.jpg,Refuse
2754.jpg,ไบ๋
454.jpg,เพลิว
428.jpg,Jacson
1346.jpg,haut
269.jpg,นะะะะ
2096.jpg,Herman
2291.jpg,Scriptwriter
2531.jpg,กสม.
2080.jpg,Bernardino
1320.jpg,โคบุตร
220.jpg,แพ้นท์
496.jpg,พื้นที่
2749.jpg,essentialism
1034.jpg,Bolshevik
792.jpg,SEJEAL
1273.jpg,Decisional
241.jpg,โฉบ
1200.jpg,Ternary
86.jpg,มะนาว
2956.jpg,โค่ว
2213.jpg,ทาวน์เฮาส์
982.jpg,รุป
649.jpg,สำคัญ
2003.jpg,แบ๋น
695.jpg,VICE
2489.jpg,EGA
2101.jpg,ท่อ
587.jpg,ข่าน
11.jpg,แก่่
266.jpg,ทารก
751.jpg,โวย
2227.jpg,ตรู๊
2158.jpg,IRTF
611.jpg,Bruegel
121.jpg,recessive
2337.jpg,พื้นที่
946.jpg,Elements
1892.jpg,ปัญญาชน
1722.jpg,วี่ส์
2466.jpg,operationally
444.jpg,ลาดยาง
1060.jpg,Asia
2577.jpg,ลูกคิด
2293.jpg,ลเลนซ์
2018.jpg,Call
769.jpg,stuffed
2332.jpg,คัพโภทร
2506.jpg,บางที
994.jpg,ซีเนต
2905.jpg,Pit
1008.jpg,deinos
1955.jpg,มโลภ
583.jpg,ปราฏ
854.jpg,เกาส์
2890.jpg,ตุ๊ถ
1572.jpg,exacting
507.jpg,Rainbowjung
1268.jpg,Angstrom
1162.jpg,ไพพ์
25.jpg,ปัฐ
153.jpg,importation
705.jpg,พันธุ์
2099.jpg,Certre
388.jpg,คนึง
1822.jpg,ว่วน
2447.jpg,สโตรม
2516.jpg,ธะ
1166.jpg,ของ
2954.jpg,เกียจ์
1307.jpg,คนึง
2887.jpg,แผง
232.jpg,สสิก
2731.jpg,Maracuja
2374.jpg,ฟุ่น
896.jpg,Malkoha
1665.jpg,rotavirus
1936.jpg,undertaking
2286.jpg,ออกงิ้ว
2565.jpg,นึ๊ง
218.jpg,Tristesse
1651.jpg,ETC
2557.jpg,Scleropagesjardini
2877.jpg,Preample
1943.jpg,Wc
2135.jpg,ฟลอริดา
1730.jpg,Refuse
1378.jpg,กรอบหน้า
280.jpg,กระทะ
1465.jpg,มอมเหล้า
2646.jpg,Reye
2544.jpg,Types
2318.jpg,Exgessis
1474.jpg,Organization
2079.jpg,อภัย
725.jpg,Corruption
1173.jpg,ลัวส์
594.jpg,ลวรรค
1469.jpg,ทุ่ง
2412.jpg,Octave
2665.jpg,ฉิก
2365.jpg,ฮึน
1423.jpg,thoracic
2559.jpg,กแมป
1438.jpg,Delhi
1565.jpg,Job
49.jpg,Scandinavian
1583.jpg,Transit
860.jpg,เอริก
933.jpg,programmes
370.jpg,สูม
2654.jpg,เครื่องล่าง
379.jpg,Seiki
1793.jpg,อลอส์
1490.jpg,Octave
2078.jpg,Wilderbeast
1612.jpg,Bridging
921.jpg,oversized
258.jpg,ยิ้น
589.jpg,MARCO
992.jpg,ญิ๋
2199.jpg,เพ่อน
1981.jpg,Substandard
383.jpg,ปฏิปักษ์
2760.jpg,จะร์จ
2274.jpg,Mie
2845.jpg,ภักษ์
1390.jpg,DesU
905.jpg,Bhawuk
2560.jpg,ฟายน้ำตา
136.jpg,caricature
809.jpg,Marrakeshi
1183.jpg,ซี่น
2669.jpg,Crysler
1693.jpg,เต้นแร้งเต้นกา
2511.jpg,แงว
1214.jpg,หยอกเย้า
2232.jpg,เดห์
126.jpg,ตุ๊ถ
1322.jpg,transference
2831.jpg,ชายธง
1393.jpg,Exgessis
2514.jpg,ใจไม้ไส้ระกำ
1084.jpg,ลัวะ
2315.jpg,วาซ
235.jpg,ฤล
713.jpg,อสุภ
1664.jpg,Ott
1033.jpg,entries
561.jpg,อันห์
493.jpg,แทดด์
225.jpg,เบาด์
2650.jpg,Refuse
2724.jpg,เพ้ง
1914.jpg,เชื่อมั่น
539.jpg,Deities
829.jpg,มรส
807.jpg,ษาท
1197.jpg,Blevins
646.jpg,Roxin
2438.jpg,STASTIC
2132.jpg,เอียร์
2755.jpg,กล้วยไม้
1718.jpg,K2
472.jpg,วาซ
1506.jpg,ข่าน
2260.jpg,หิมพานต์
1697.jpg,บาร์ส
2493.jpg,COMPTEL
1680.jpg,soda
2855.jpg,Mezzo
505.jpg,thoracic
2985.jpg,สตาส
2405.jpg,Bresson
585.jpg,Register
2298.jpg,เนตร
1645.jpg,ลาร์ด
2367.jpg,Clement
2331.jpg,solvolysis
2564.jpg,ทรอปิก
2606.jpg,indicates
2772.jpg,elsewhere
377.jpg,สฤง
2986.jpg,ฟรีย์
785.jpg,เฮี่ยง
2825.jpg,รุป
766.jpg,ออเรนจ์
901.jpg,คลิกส์
632.jpg,consensus
2786.jpg,aji
2202.jpg,Shoes
1535.jpg,Bruegel
2391.jpg,ทุ่ง
2818.jpg,ฟิทช์
367.jpg,dispositional
1971.jpg,เตร่ง
21.jpg,Colosseo
1401.jpg,FUNCTIONAL
262.jpg,ชรุจ
2017.jpg,บต
2895.jpg,ล็อบสเตอร์
211.jpg,Stade
2867.jpg,Blackwell
1953.jpg,เบด
2863.jpg,intrapersonal
1387.jpg,Sor
791.jpg,Submerges
397.jpg,เข้ารอย
872.jpg,อลอส์
352.jpg,อยบ
1334.jpg,Trail
2140.jpg,หร็อก
392.jpg,Readland
192.jpg,Tasman
784.jpg,สลักส์
1675.jpg,ธยาย
2916.jpg,importation
1782.jpg,เอริก
2233.jpg,Sima
965.jpg,ปรัช
1374.jpg,Pyritic
2813.jpg,Scandinavian
1607.jpg,Tokugawa
176.jpg,ตีว
1587.jpg,เนปียร์
907.jpg,juvenile
2534.jpg,ช้อนหอย
1855.jpg,programmes
2446.jpg,ฉ้น
1573.jpg,LISTEN
560.jpg,metre
1196.jpg,บั้นท้าย
360.jpg,Tymoshenko
1940.jpg,โน้มถ่วง
354.jpg,เทศาภิบาล
752.jpg,พลิด
1732.jpg,Characteristic
2775.jpg,แก่่
2330.jpg,ษณิ
2832.jpg,พุ่งพรวด
1615.jpg,ปศู
2765.jpg,จไม่
1111.jpg,เกียจ์
174.jpg,สูญพันธุ์
2290.jpg,แฟลท
1929.jpg,eme
2569.jpg,Corruption
2073.jpg,Nokyo
645.jpg,EGA
1659.jpg,ช่องว่าง
1785.jpg,samples
1333.jpg,C.P.I.
1589.jpg,บางที
2788.jpg,ปัฐ
2122.jpg,TECHO
2653.jpg,folkways
1512.jpg,trill
604.jpg,THERAPY
2184.jpg,ชุมชน
491.jpg,คัพโภทร
1274.jpg,Furusawa
1213.jpg,เอียร์
101.jpg,Wc
2333.jpg,เหนียวแน่น
1002.jpg,ตัฟ
1511.jpg,distributive
1063.jpg,vegetative
2486.jpg,ธอ
1924.jpg,นครโสเภณี
2757.jpg,Bleeker
2103.jpg,ซี่น
2847.jpg,Co2
2909.jpg,Sewerage
2618.jpg,ผ่วน
1272.jpg,อยบ
2752.jpg,โรลส์
2628.jpg,Senkaku
2926.jpg,เมลิซ
1271.jpg,สเล็ค
1252.jpg,ICCPR
961.jpg,TCDD
573.jpg,MALLE
2774.jpg,Stallebaass
1138.jpg,mbrur
2693.jpg,troglodytes
1308.jpg,ตรู๊
2234.jpg,เรนโบว์
447.jpg,คก
771.jpg,ผิท
2783.jpg,aloe
2942.jpg,จก
461.jpg,หลอกหลอน
1553.jpg,Kaufman
1053.jpg,บริซ
1733.jpg,folkways
1875.jpg,SATYRIASIS
229.jpg,FoodLoft
2545.jpg,Castro
2134.jpg,make
2351.jpg,Assimilation
2643.jpg,aliphatic
1233.jpg,รสพ
193.jpg,โพลาไรเซชัน
2424.jpg,ผักบุ้งจีน
2314.jpg,DesU
2763.jpg,P.S.
2652.jpg,Characteristic
344.jpg,FOCUS
1531.jpg,Kill
2159.jpg,เร็ล
1237.jpg,เดลิ
2990.jpg,ฤล
1048.jpg,Defense
261.jpg,ท่อ
2875.jpg,ศสิ
369.jpg,บรูณ์
1576.jpg,dharan
828.jpg,ดราฟต์
1601.jpg,Down
212.jpg,Eries
396.jpg,TULLIO
1671.jpg,น้ำมันดีเซล
2389.jpg,ษธิก
636.jpg,ปค
72.jpg,Coppola
1278.jpg,เดบาย
207.jpg,มิตต์
884.jpg,Walked
1705.jpg,สลักส์
2958.jpg,แผ่ตน
22.jpg,Elements
1267.jpg,Nostril
1081.jpg,BASELITZ
2711.jpg,Elmer
37.jpg,disaster
1180.jpg,Salot
74.jpg,ผู้สำเร็จราชการ
2190.jpg,อยบ
106.jpg,ปิฎก
2475.jpg,streaks
546.jpg,อลั่ง
1264.jpg,GRID
442.jpg,monarchy
2777.jpg,ฟูมฟัก
1568.jpg,พโลว์
170.jpg,ลัวะ
1434.jpg,meetings
735.jpg,humanists
690.jpg,ปศู
50.jpg,Bogor
1505.jpg,Height
1069.jpg,คลาคล่ำ
620.jpg,Semitone
305.jpg,จ๋าว
1989.jpg,ก้านต่อดอก
2685.jpg,Bhave
1873.jpg,นักศึกษา
2387.jpg,มอมเหล้า
847.jpg,galas
1353.jpg,neuropathy
395.jpg,เรนโบว์
586.jpg,Height
712.jpg,Scleropagesjardini
448.jpg,ไตรยางศ์
997.jpg,Tenno
893.jpg,Maitland
175.jpg,เสนียด
1752.jpg,ไอโอดีน
832.jpg,Sipa
689.jpg,ช้อนหอย
2655.jpg,วรค
2023.jpg,ข้าวขาหมู
1451.jpg,สรัส
2425.jpg,เคิร์ล
2929.jpg,BASELITZ
1254.jpg,อมา
1074.jpg,Lamprigera
842.jpg,แอ่ง
2982.jpg,อุปกรณ์
2097.jpg,ยิ้น
1597.jpg,อาตม
2737.jpg,Pancha
1857.jpg,Stallebaass
2900.jpg,caricature
2627.jpg,ห้อง
1365.jpg,มิ่งขวัญ
348.jpg,Angstrom
652.jpg,สมัต
2278.jpg,Sudachi
2139.jpg,ปิดประตูค้า
1850.jpg,msb
1773.jpg,ประกาศก
627.jpg,โดย
374.jpg,katx
1450.jpg,พ้องพาน
139.jpg,คอซอง
715.jpg,ฟายน้ำตา
1015.jpg,bicultural
1067.jpg,importation
236.jpg,Hold
816.jpg,Sangkaraksita
1537.jpg,McKennitt
1860.jpg,วาจา
2169.jpg,ชลจร
581.jpg,ท้ายน้ำ
257.jpg,Dr.Med.
497.jpg,หน้าบาง
2806.jpg,ปรัช
852.jpg,ประกาศก
824.jpg,ฉิก
1132.jpg,which
2687.jpg,galas
2479.jpg,k
558.jpg,ม่านตา
167.jpg,BASELITZ
499.jpg,^O^
1358.jpg,monarchy
2955.jpg,ดิฉัน
885.jpg,Multicomponent
2180.jpg,จรูญ
731.jpg,mow
1770.jpg,km
1238.jpg,union
1222.jpg,Rationalization
728.jpg,โพธิสมภาร
2548.jpg,เด็กชา
1219.jpg,ท้ำ
1181.jpg,ท่อ
2794.jpg,SATYRIASIS
83.jpg,ตัฟ
701.jpg,ปีด
1627.jpg,dialogues
749.jpg,น้ำมันดีเซล
2838.jpg,ผู้สำเร็จราชการ
986.jpg,Rufous
1466.jpg,Zephyrus
1836.jpg,กล้วยไม้
128.jpg,ก็ตาม
773.jpg,สเปส
495.jpg,LAUTREC
980.jpg,พรีน
2810.jpg,ล่วงเวลา
2288.jpg,ไตรยางศ์
1031.jpg,นิดดดด
2210.jpg,Inhalation
616.jpg,musk
2568.jpg,MPSK
957.jpg,สุภา
390.jpg,ลองดี
2056.jpg,Tristesse
1616.jpg,ชมพู
511.jpg,pKa
1421.jpg,โออาฮู
204.jpg,Forza
2338.jpg,หน้าบาง
2585.jpg,rotavirus
570.jpg,Shorrock
2675.jpg,Exploitation
814.jpg,วรค
2388.jpg,Zephyrus
156.jpg,Aerated
316.jpg,ไหล้
1670.jpg,ผู้ม
1856.jpg,ขมิ้นขาว
373.jpg,เอาอย่าง
2070.jpg,สตาส
2971.jpg,Rr
2456.jpg,Hederson
1744.jpg,PGD
794.jpg,Kindaichi
2112.jpg,Outputs
137.jpg,PQ
2768.jpg,msb
2093.jpg,Kenyon
1283.jpg,ROOUGH
1383.jpg,สควร
1687.jpg,ออเรนจ์
590.jpg,Epsilon
2108.jpg,DRAWN
1263.jpg,FOCUS
1265.jpg,ชุมชน
2796.jpg,GIRTIN
1359.jpg,สโลท
1464.jpg,รถะ
1870.jpg,Theraputic
341.jpg,จิ๋ม
1960.jpg,อ๊าาาาย
2414.jpg,MALLE
2358.jpg,cloaca
358.jpg,afraid
2663.jpg,ทรงเจ้า
527.jpg,นิศาชล
962.jpg,วัฒน์
256.jpg,Herman
2699.jpg,เขื้อน
1035.jpg,อ๊าาาาย
1878.jpg,สุภา
1731.jpg,Marrakeshi
2965.jpg,Sainson
1623.jpg,อึ้บ
2021.jpg,ลองเชิง
2188.jpg,เชี่ยนหมาก
240.jpg,Bernardino
1931.jpg,Rolled
600.jpg,Freedman
446.jpg,ทู้ธ
533.jpg,พ้องพาน
2538.jpg,หินอัคนี
1885.jpg,Diaz
285.jpg,แรงดึงดูด
2542.jpg,Parallels
1413.jpg,LAUTREC
2613.jpg,น้ำคร่ำ
1634.jpg,Andeanism
391.jpg,ขุน
2421.jpg,ปีเตอร์
1897.jpg,พอล์ก
1244.jpg,กีฬา
1743.jpg,Cecilia
1479.jpg,อันห์
2776.jpg,adventure
503.jpg,โออาฮู
1746.jpg,Pachuca
1644.jpg,ลักข์
2113.jpg,colonialism
48.jpg,ปัญญาชน
1647.jpg,MPSK
902.jpg,Blankenese
1799.jpg,Postal
2960.jpg,สสวย
1468.jpg,iStockphoto
1141.jpg,เบาด์
1570.jpg,EGA
1729.jpg,ษาท
1251.jpg,ชลจร
870.jpg,storaging
595.jpg,STASTIC
1985.jpg,ยุพ
958.jpg,Kaze
1681.jpg,รีเฟลกซ์
1896.jpg,เจนด์ส
2550.jpg,exiger
1786.jpg,JAWS
23.jpg,aji
1340.jpg,Sterrilization
2246.jpg,Mater
1292.jpg,katx
864.jpg,JAWS
1880.jpg,lvo
327.jpg,Sexuality
1902.jpg,align
1163.jpg,วอห์น
2836.jpg,Coppola
315.jpg,ผายลม
2797.jpg,สุภา
1411.jpg,แทดด์
2431.jpg,Epsilon
1759.jpg,ATEMPORAL
1740.jpg,ตัย
592.jpg,trill
1335.jpg,แซร
2988.jpg,Nokyo
1941.jpg,เยร์
1872.jpg,สกด
2025.jpg,contracts
1337.jpg,ตัณฑ
1957.jpg,F.Skocpol
1609.jpg,กลื่น
1103.jpg,คาดหวัง
2270.jpg,crash
471.jpg,DesU
1926.jpg,ภักษ์
1404.jpg,ดุษฎีนิพนธ์
664.jpg,เดอลุกซ์
833.jpg,Exploitation
2131.jpg,ตรวจสอบ
53.jpg,พอล์ก
1032.jpg,F.Skocpol
1441.jpg,มยอน
1105.jpg,adaptor
1339.jpg,ฉื่อ
1632.jpg,แดทซ์
2860.jpg,bicultural
271.jpg,Outputs
1815.jpg,tual
184.jpg,stakeholder
1834.jpg,โรลส์
867.jpg,Joie
608.jpg,Banez
640.jpg,BHT
2623.jpg,Cid
855.jpg,modifying
2461.jpg,MECHANICAL
2533.jpg,panses
663.jpg,บางที
404.jpg,ฝากผี
2686.jpg,นกจาก
2713.jpg,Kuong
780.jpg,โมฆะ
1224.jpg,จ๋าว
2910.jpg,Shambhala
1498.jpg,ปีเตอร์
655.jpg,โห
325.jpg,กีฬา
163.jpg,แบ๋น
1461.jpg,ต้องตา
973.jpg,Bogor
2556.jpg,Stylists
2430.jpg,MARCO
1578.jpg,Aligi
1266.jpg,Stef
355.jpg,Furusawa
169.jpg,grasp
1230.jpg,bivalent
2261.jpg,Accreditation
2658.jpg,กหา
465.jpg,เฟรม
2324.jpg,FUNCTIONAL
2620.jpg,บาร์ส
1831.jpg,essentialism
1676.jpg,Web
2605.jpg,Khandesh
437.jpg,Jew
786.jpg,Elasticity
1046.jpg,เตร่ง
746.jpg,สยด
2587.jpg,ปราฐ
2137.jpg,มื้อ
1951.jpg,ฎีกา
1000.jpg,นมารส์
1137.jpg,แพ้นท์
2208.jpg,สูม
2522.jpg,เลซ
1639.jpg,ฟายน้ำตา
160.jpg,Lamprigera
2547.jpg,LITTLE
2310.jpg,Sor
781.jpg,orbicularis
426.jpg,LOCI
629.jpg,Kaufman
1713.jpg,SEJEAL
380.jpg,Maxcime
910.jpg,ดำดิน
888.jpg,trypanosomosis
1871.jpg,sigma
1618.jpg,หินอัคนี
830.jpg,ไอโอดีน
568.jpg,ไปน์
183.jpg,ลองเชิง
903.jpg,ว่วน
76.jpg,Tenno
489.jpg,ษณิ
500.jpg,panchayat
1355.jpg,romantic
1976.jpg,Discus
813.jpg,เครื่องล่าง
1065.jpg,a7
9.jpg,ขมิ้นขาว
789.jpg,Harpoon
2357.jpg,เตี่ยม
2381.jpg,กรุ๊ก
1391.jpg,วาซ
704.jpg,dialogues
2894.jpg,เตร่ง
924.jpg,จไม่
2005.jpg,อืก
2931.jpg,ลัวะ
2347.jpg,Rainbowjung
2812.jpg,ขัตติยมานะ
1853.jpg,elsewhere
529.jpg,สไวร์
1013.jpg,ชาวประมง
56.jpg,participation
1246.jpg,Sexuality
596.jpg,Outlook
1530.jpg,Masao
2874.jpg,ฎีกา
662.jpg,ศาลสูง
2610.jpg,สมอลล์
1745.jpg,ฉิก
154.jpg,Attribute
1239.jpg,IRTF
2083.jpg,นิโคล
2004.jpg,เมลิซ
1826.jpg,Crew
2433.jpg,distributive
477.jpg,แพลงก์
1449.jpg,Slam
722.jpg,ลาร์ด
2474.jpg,Kaufman
2168.jpg,สระว่ายน้ำ
1492.jpg,MALLE
850.jpg,ปราชญ์
2571.jpg,univariate
1552.jpg,แทกซ์
1761.jpg,ท่าน
198.jpg,แผ่ตน
376.jpg,Jil
2937.jpg,ตีว
1218.jpg,มื้อ
948.jpg,RY
2769.jpg,โกมล
2044.jpg,ฉีร์
730.jpg,Pictures
2172.jpg,อมา
502.jpg,อนุวงศ์
2100.jpg,Salot
2689.jpg,keyboard
691.jpg,ชมพู
553.jpg,สจว.
473.jpg,Panulilus
2051.jpg,Marble
2648.jpg,Bartllet
1193.jpg,นโกฎ
1968.jpg,NITROGEN
2989.jpg,พีล
1342.jpg,เบาตัว
960.jpg,Petchabun
732.jpg,ya
1397.jpg,trait
966.jpg,LFC
631.jpg,สัด
1876.jpg,แขง
2823.jpg,Yh
2945.jpg,stakeholder
1727.jpg,PUFF
1066.jpg,Junuary
1990.jpg,vegetative
2704.jpg,samples
1930.jpg,มะนาว
1898.jpg,ฟิทช์
188.jpg,A.E.
2744.jpg,Crew
2127.jpg,เจ็ง
831.jpg,ซิงเกิล
2319.jpg,Betle
1542.jpg,Semitone
1754.jpg,Sipa
2918.jpg,Aerated
274.jpg,Blunt
2339.jpg,Thus
2149.jpg,กระโดดร่ม
1147.jpg,newborn
1287.jpg,Ekonomisuto
1864.jpg,Boxer
2394.jpg,Hero
660.jpg,Balancing
1021.jpg,คืบ
1663.jpg,วางแผน
1294.jpg,Jil
2842.jpg,นมารส์
2661.jpg,shop
672.jpg,Jourdan
2964.jpg,Forza
1348.jpg,ครอส
959.jpg,disaster
2667.jpg,Disclosure
214.jpg,Mega
2925.jpg,ปัทมปาณี
810.jpg,Characteristic
2035.jpg,โค่ว
2369.jpg,SPLICE
765.jpg,สมอลล์
1075.jpg,แถบบันทึกเสียง
1604.jpg,Krasner
1999.jpg,สลิม
1270.jpg,เชี่ยนหมาก
2120.jpg,ธรรมนูญ
1328.jpg,Nippontei
2994.jpg,อภัย
2592.jpg,น้ำมันดีเซล
109.jpg,Nihonshoki
974.jpg,Werner
1375.jpg,ชอย
2869.jpg,ปิฎก
2798.jpg,Kaze
777.jpg,Meaning
2678.jpg,Okinawa
2540.jpg,VICE
357.jpg,เช่นไร
2722.jpg,Walked
1798.jpg,S.D.
1487.jpg,ไปน์
494.jpg,hautes
2733.jpg,Malkoha
337.jpg,CHARACTER
1447.jpg,SPLICE
883.jpg,Sismondi
1547.jpg,Gardener
1561.jpg,โมฮ์ด
2801.jpg,Petchabun
776.jpg,บาร์ส
1171.jpg,พิพัฒ
393.jpg,Clipboard
2481.jpg,คำร้อง
1945.jpg,คืบ
724.jpg,MPSK
2615.jpg,Shoulder
2853.jpg,ฮอตดอก
2039.jpg,ว๊าย
2935.jpg,สูญพันธุ์
534.jpg,สรัส
1613.jpg,panses
292.jpg,Overheating
984.jpg,FRANCIS
1801.jpg,สคัล
248.jpg,ของ
2879.jpg,นิดดดด
2893.jpg,งวย
1813.jpg,Maitland
2218.jpg,Maxcime
449.jpg,มิ่งขวัญ
2811.jpg,ปัญญาชน
923.jpg,อดาม
322.jpg,วงกบ
1010.jpg,mould
283.jpg,Divided
54.jpg,ฟิทช์
1934.jpg,ฮอตดอก
2721.jpg,Sismondi
127.jpg,NITROGEN
1820.jpg,Pancha
415.jpg,C.P.I.
2640.jpg,K2
279.jpg,Rutnin
790.jpg,เซิร์ก
2463.jpg,Warp
44.jpg,Falcon
1596.jpg,ใจไม้ไส้ระกำ
969.jpg,evidence
1901.jpg,พรีน
998.jpg,รอดเจอร์
2173.jpg,ยิ้ว
1012.jpg,undertaking
757.jpg,negotiate
2462.jpg,musk
2492.jpg,LISTEN
1747.jpg,ถลิ่ม
1532.jpg,Banez
60.jpg,ผกค.
517.jpg,meetings
1458.jpg,ณินทร์
438.jpg,Sudachi
2911.jpg,ก้านต่อดอก
155.jpg,คลาคล่ำ
2656.jpg,ทุกหน
1795.jpg,Formalist
774.jpg,ผ่วน
839.jpg,ท่าน
1038.jpg,Orleans
1399.jpg,ลัซ
310.jpg,bivalent
2870.jpg,Sims
666.jpg,Yoko
1986.jpg,Sewerage
2902.jpg,บริซ
2816.jpg,เจนด์ส
745.jpg,priori
1433.jpg,Sonic
29.jpg,นักศึกษา
531.jpg,Walt
2676.jpg,โป
419.jpg,ตัณฑ
727.jpg,univariate
2111.jpg,pearls
762.jpg,งิ่ง
716.jpg,socket
1045.jpg,งวย
1792.jpg,semifixed
2635.jpg,Submerges
942.jpg,Boxer
1400.jpg,คูเปอร์
950.jpg,Theraputic
185.jpg,ข้าวขาหมู
2171.jpg,กฤดิ
375.jpg,ทาวน์เฮาส์
1367.jpg,ไทส์
1982.jpg,Pit
324.jpg,สัมผัสสระ
1500.jpg,ท้ายน้ำ
15.jpg,บ๊าน
1408.jpg,solvolysis
1489.jpg,Shorrock
1977.jpg,caricature
457.jpg,เนตร
1407.jpg,ษณิ
122.jpg,เฉิดฉาย
2269.jpg,haut
1783.jpg,โล้ย
382.jpg,เฉลบ
2747.jpg,Chaiwoot
323.jpg,จาบัลย์
2074.jpg,พีล
1715.jpg,Kindaichi
1784.jpg,emodin
761.jpg,Khandesh
1756.jpg,โป
934.jpg,ขมิ้นขาว
2851.jpg,กำหนดการ
2510.jpg,ศพิ
1711.jpg,เซิร์ก
2.jpg,sponsor
937.jpg,adventure
1821.jpg,Blankenese
2361.jpg,วี่วัน
421.jpg,Accreditation
1425.jpg,มังกร
47.jpg,ล่วงเวลา
1405.jpg,Prommemoria
908.jpg,Crew
129.jpg,งวย
450.jpg,Prompakping
530.jpg,SPLICE
1209.jpg,บพีท
613.jpg,McKennitt
2410.jpg,Poisson
435.jpg,ล้วง
2974.jpg,เก็งกำไร
2428.jpg,ข่าน
706.jpg,exiger
2259.jpg,ตัณฑ
927.jpg,msb
2662.jpg,Cecilia
303.jpg,Rationalization
203.jpg,โหมว
2574.jpg,mow
238.jpg,Wilderbeast
1701.jpg,โมฆะ
1800.jpg,โฮการ์ท
925.jpg,APOC
891.jpg,ธรัช
2345.jpg,thoracic
1057.jpg,Autolysis
1582.jpg,โชวย
849.jpg,keyboard
2187.jpg,Angstrom
2690.jpg,ปราชญ์
2586.jpg,Intra
1890.jpg,evidence
874.jpg,Formalist
1373.jpg,endonuclease
1426.jpg,shoguns
2115.jpg,Blunt
1269.jpg,Giambattista
484.jpg,scalp
2435.jpg,กึม
2963.jpg,โหมว
2353.jpg,Champagne
2125.jpg,Tokenism
2409.jpg,โจล
191.jpg,Galerie
2861.jpg,โน้มถ่วง
458.jpg,videotext
2065.jpg,ทรังษ์
2401.jpg,Azimuth
2068.jpg,โดล
684.jpg,ด้วยยยยย
1417.jpg,^O^
1920.jpg,เครื่องคำนวณ
1165.jpg,MFC
1768.jpg,นกจาก
1893.jpg,ขัตติยมานะ
2901.jpg,PQ
359.jpg,เดบาย
145.jpg,Sewerage
1774.jpg,troglodytes
1020.jpg,Goddar
265.jpg,experience
1771.jpg,ปราชญ์
2966.jpg,มิตต์
760.jpg,รีเฟลกซ์
2230.jpg,Readland
931.jpg,elsewhere
1321.jpg,วรด
1439.jpg,วี่วัน
2176.jpg,เวด
1714.jpg,ช้านนนนนน
1712.jpg,Submerges
1428.jpg,pKa
1001.jpg,นครโสเภณี
1380.jpg,breathing
1726.jpg,Reye
919.jpg,FB
1210.jpg,Rebec
1825.jpg,juvenile
2814.jpg,Bogor
1846.jpg,อดาม
1302.jpg,ปฏิปักษ์
2417.jpg,LPGA
1558.jpg,เสิช
2398.jpg,ม่านตา
928.jpg,โกมล
2649.jpg,ษาท
900.jpg,hallucination
2363.jpg,มยอน
319.jpg,เดลิ
466.jpg,tissue
1323.jpg,ฝากผี
1087.jpg,Gautrand
111.jpg,ฎีกา
1916.jpg,ญิ๋
1684.jpg,งิ่ง
1965.jpg,ปดินทร์
2659.jpg,ตัย
952.jpg,สกด
2694.jpg,เกาส์
147.jpg,Shambhala
702.jpg,LITTLE
719.jpg,ทรอปิก
1095.jpg,Call
2766.jpg,APOC
1083.jpg,grasp
335.jpg,ยิ้ว
180.jpg,บต
2862.jpg,เยร์
1026.jpg,Nihonshoki
2903.jpg,คอซอง
551.jpg,ทุ่ง
694.jpg,อ้ำ
1485.jpg,ยกครู
1919.jpg,ผู้สำเร็จราชการ
46.jpg,evidence
296.jpg,ฟลอริดา
1093.jpg,สก๊อตช์
1882.jpg,Petchabun
1961.jpg,recessive
2679.jpg,until
857.jpg,ศายตร์
464.jpg,สีย์
2452.jpg,Masao
100.jpg,intrapersonal
1763.jpg,ลูกอม
2281.jpg,ปาสคาล
362.jpg,เพ่อน
2773.jpg,ขมิ้นขาว
215.jpg,which
276.jpg,บั้นท้าย
674.jpg,Hegelians
915.jpg,Specific
1037.jpg,เฉิดฉาย
1319.jpg,ฮิก
2130.jpg,Ship
1830.jpg,Romic
2695.jpg,modifying
2300.jpg,กรอบหน้า
453.jpg,เฉวียงบ่า
1160.jpg,นิโคล
1672.jpg,โวย
737.jpg,แวนต์
1127.jpg,ปลอบ
1227.jpg,Sttring3
1072.jpg,Unocal
1260.jpg,ไททาเนียม
2995.jpg,Bernardino
2512.jpg,กะปะ
2683.jpg,กระดอน
2697.jpg,ไครคอยด์
2257.jpg,แซร
711.jpg,Stylists
1388.jpg,CATS
1284.jpg,Shoes
2891.jpg,NITROGEN
291.jpg,ตรวจสอบ
1599.jpg,Jourdan
637.jpg,Hans
1657.jpg,tartaric
2712.jpg,Formalist
1275.jpg,อดูล
2561.jpg,socket
1738.jpg,Sangkaraksita
251.jpg,หากิน
1886.jpg,satisfying
124.jpg,แผง
2600.jpg,ษภูว
2953.jpg,Tasman
1688.jpg,ชีร์
667.jpg,ศพิ
999.jpg,ELEMENT
2520.jpg,ใหม่
2987.jpg,สสิก
2062.jpg,สตรอ
2532.jpg,Bridging
2619.jpg,ber
2536.jpg,ชมพู
338.jpg,เวด
2535.jpg,ปศู
2001.jpg,เกลี่ย
2543.jpg,อึ้บ
1122.jpg,Sainson
2206.jpg,Ekonomisuto
1497.jpg,เหือง
514.jpg,Champagne
405.jpg,โดล
475.jpg,Exgessis
2247.jpg,ชีวี
1472.jpg,สจว.
853.jpg,troglodytes
1946.jpg,ปิฎก
2141.jpg,Rationalization
2057.jpg,เก็งกำไร
1206.jpg,Tokenism
609.jpg,เจ๋ว
2570.jpg,Kitt
1979.jpg,บริซ
2609.jpg,loves
2053.jpg,which
1313.jpg,เดห์
512.jpg,Assimilation
2081.jpg,โฉบ
2741.jpg,Bhawuk
987.jpg,ถ้อยทีถ้อยอาศัยกัน
540.jpg,Prematurity
239.jpg,อภัย
1467.jpg,ษธิก
2185.jpg,Stef
2164.jpg,Sexuality
2850.jpg,Rolled
2833.jpg,เชื่อมั่น
418.jpg,สีค์
1363.jpg,คก
1248.jpg,เซือ
1600.jpg,ผ้าขาวม้า
2688.jpg,km
968.jpg,inadequate
213.jpg,Marble
2356.jpg,meetings
2027.jpg,A.E.
2821.jpg,พรีน
1027.jpg,cons
2243.jpg,transference
1054.jpg,คอซอง
817.jpg,กหา
913.jpg,gabbana
2546.jpg,ปีด
2453.jpg,Kill
1070.jpg,Aerated
2670.jpg,ดราฟต์
678.jpg,เลซ
2254.jpg,Tim
197.jpg,เกลี้ยง
653.jpg,Aligi
2348.jpg,มังกร
1677.jpg,ษภูว
65.jpg,rhyme
226.jpg,บุตรา
1017.jpg,เยร์
2469.jpg,manufacturer
513.jpg,เหล็ด
1513.jpg,กึม
1042.jpg,ตุ๊ถ
2142.jpg,คันต
33.jpg,GIRTIN
2395.jpg,Ranis
834.jpg,โป
2599.jpg,Web
515.jpg,fauteiul
556.jpg,Organization
740.jpg,วางแผน
618.jpg,JJW
866.jpg,vinci
2482.jpg,Hans
2921.jpg,Lamprigera
1029.jpg,ศสิ
2626.jpg,orbicularis
2468.jpg,mud
1903.jpg,Yh
782.jpg,ห้อง
1055.jpg,Substandard
313.jpg,Delegation
99.jpg,เยร์
1544.jpg,คลื่อ
462.jpg,Included
1787.jpg,Gynecology
2886.jpg,Orleans
2317.jpg,Megalang
91.jpg,mould
686.jpg,Harmonious
1443.jpg,ฮึน
2109.jpg,นะะะะ
1527.jpg,THERAPY
930.jpg,RIVERA
1229.jpg,SCAP
468.jpg,ii
1581.jpg,kekkon
977.jpg,ฟิทช์
1338.jpg,มสล
12.jpg,adventure
2923.jpg,แถบบันทึกเสียง
132.jpg,Defense
112.jpg,ศสิ
2978.jpg,สตรอ
1331.jpg,เอาอย่าง
2817.jpg,พอล์ก
320.jpg,union
822.jpg,ทรงเจ้า
2781.jpg,เศส
